No,중요도,질문분야,질문,본문
39,★★★★,제품/시공관련,타업체에서는 열차단 측정기를 보여주며 자사제품이 루마보다 차단력이 우수하다고 홍보하는데 이것이 사실인가요?,"많은 썬팅 판매 혹은 시공업체들이 임의로 제조된 측정기로 루마필름과 자사제품을 비교하며 자사제품의 열차단력이 좋다고 홍보하는데 이것은 명백히 과장된 혹은 왜곡된 정보입니다. 그들이 주장하는 정보의 오류를 아래와 같이 알려드리오니 소비자들께서는 과장 혹은 거짓광고에 현혹되어 피해를 입으시는 일이 없도록 유의하시길 바랍니다. 1) 태양열은 태양에너지의 3요소인 가시광선, 자외선, 적외선에 모두 분포되어 있는데, 그들이 보여주는 측정기는 가시광선, 자외선, 적외선에 포함된 태양열을 모두 측정할 수 있는 측정기가 아닌 IR(Infrared), 즉 적외선 측정기입니다. 자외선(1~360 나노미터), 가시광선(361~779 나노미터), 적외선(780~2,500 나노미터)은 각각 파장영역대가 다르며, 태양에너지(열)은 자외선에 3%, 가시광선에 44%, 적외선에 53%가 분포되어 있습니다. 그러므로 태양에너지에 포함된 열 차단율을 정확하게 측정하기 위해서는 자외선, 가시광선, 적외선 영역을 모두 측정가능한 측정기로 측정해야 하는데 시중에 나와있는 측정기들은 이처럼 1~2,500 나노미터라는 넓은 파장영역을 측정할 수 있는 측정기가 없습니다. 다시 말하자면, 측정기를 보여주며 열차단력을 홍보하는 대다수 업체들이 IR(적외선)만을 측정할 수 있는 측정기로 측정한 값을 소비자에게는 열 차단력이라고 왜곡된 정보를 제공하며 자기 고객으로 만드려는 행위입니다. 2) 태양열은 TSER(Total Solar Energy Rejected : 총 태양 에너지 차단율)을 측정한 값이며 이러한 총 태양 에너지 차단율 데이터는 태양광이 내리쬐는 것과 유사한 조건을 갖춘 공인 실험실에서 얻어진 값만이 정확한 데이터입니다. 시중의 측정기들은 300~1,050 나노미터밖에 측정할 수 없으므로 자외선, 가시광선, 적외선 영역이 모두 포함된 전체 파장대 (1~2,500 나노미터)가 측정된 값을 나타낼 수 없습니다. 3) 미국 버지니아주 마틴스빌 공장에 위치한 루마의 공식 실험실(Official Lab)은 ISO9001 및 2008등 국제규격과 IWFA(국제 윈 도우 필름협회)에서 공식 인증된 실 험실 조건을 갖추고 데이터를 제공하기 때문에 세계적으로 공신력을 얻고 있습니다. 그러나 시중 측정기들은 이러한 공신력 을 얻지 못하는 기기들입니다. 4) TSER(총 태양 에너지 차단율%)은 실험실에서 얻어진 데이터를 토대로 로렌스 공식에 대입된 수퍼 컴퓨터에 의하여 수치가 얻어집니다. 이 데이터는 특히 필름이 품고 있던 잠열이 차량 내부로 들어오는 열 차단 손실율이 계산되어 정확한 태양열 차단수치가 계산되는 것입니다. 일반적으로 차량용 필름의 최대 TSER은 70%이며, 건물용 필름(외부용)은 구조상 80%를 상회하기도 합니다. 그러므로 열차단율이 80%가 넘는다고 홍보하는 업체의 제품을 선택하실 경우에는 과장광고일 가능성이 매우 높으므로 선택에 신중을 기하시길 바랍니다."
38,★★★★,제품/시공관련,루마썬팅필름 정품으로 시공 후 창마다 로고가 다 들어가 있지 않는 이유는?,"*로고 가 각 창문마다 들어가지 않은 이유는 다음과 같습니다. 1. 필름면에 프린팅되는 로고는 필름 롤의 좌우측 35cm 지점에 두 줄로 표시되지만, 필름 재단을 위해 패턴 ( 창유리 크기에 맞게 만들어진 플라스틱이나 철판모형 ) 의 위치에 따라서 로고와 로고 사이에 들어갈 경우 어떤 창유리에는 로고가 들어가지 않을 수도 있습니다 . 2. 또한 프린팅 기계는 구조상 필름 롤의 처음과 끝의 일정 부분이 프린팅되지 않는데, 처음과 끝부분에서 재단이 되면 로고가 들어가지 않을 수 있습니다 . 루마의 정품인식은 필름면의 로고 표시 유무에 따라서만 정품여부가 결정되어지지 않습니다. 정품은 루마 인증업체에서의 시공과 함께 보증서만으로도 충분히 정품여부를 확인할 수 있습니다. 로고 및 QR코드는 단지 정품확인을 위한 필수요건이 아닌 보조수단이기 때문입니다."
37,★★★★,제품/시공관련,루마썬팅 후 창문에 있는 QR코드가 인식이 잘 안되는 이유는?,"* QR 코드인식이 잘 되지 않는 이유는? 루마코리아에서는 정품사용이라는 신뢰를 제공하기 위해 썬팅필름에 QR마크를 표시하고 있습니다만, QR코드가 원래 투과성이 있는 썬팅필름 표식에는 시공된 면의 굴곡과 빛의 반사 등의 사유로 인식이 안 될 수가 있습니다 . 따라서 QR코드 인식여부에 따라 정품여부가 결정되어지지 않습니다. QR코드 인식여부와 관계없이 루마 인증업체에서의 시공과 보증서 발급만으로도 충분히 정품여부를 확인할 수 있습니다. QR코드는 단지 정품확인을 위한 필수요건이 아닌 보조수단이기 때문입니다."
36,★★★★★,기타관련,올바른 윈도우 필름을 고르는 10가지 요령,"올바른 윈도우 필름을 고르는 10가지 요령 01 필름의 제조원 및 브랜드를 정확히 확인하였는가? 필름 제조원은 품질 확인을 위해 대단히 중요합니다. 브랜드는 있지만 제조원이 없는 경우가 허다합니다. 제조원이 없는 브랜드는 절대적으로 의심하셔도 좋습니다. 제조원 실체 확인을 위해 제조사의 홈페이지를 확인하는 것도 하나의 요령입니다. (루마 제조원 EASTMAN 홈페이지 : http://www.eastman.com ) 02 제조원 및 판매원의 품질보증이 제대로 이루어지는가? 품질보증과 관련하여 수입품의 경우 제조원의 한국지사가 설립되어있는 브랜드는 믿을 수 있습니다. 국내에 지사가 없는 경우나 공급, 판매상이 브랜드를 만들어 자체적으로 보증을 하는 경우는 믿을 수 없습니다. 공급업체가 없어지면 보증은 무의미 해집니다. (루마필름 한국지사 : (주)씨피에프 02-2213-1543) 03 다양한 제품의 선택이 가능한가? 개인마다 주어진 환경이 다르듯이 필름도 거기에 맞게 다양해야 합니다. 운전자의 환경에 적합한 제품의 선택은 편의와 안전을 위해서 대단히 중요합니다. (다양한 투과율, 전면용, 안전보안용, 프라이버시 보호용, 솔라콘트롤용 등) 04 필름의 선명도는 좋은가? 필름의 선명도는 안전과 직결된 부분으로 꼭 확인해야 합니다. 일반적으로 정면에서 보아 굴절이 없는 것이 좋습니다. 05 필름의 기능이 충실하며 내구성에 대한 정보는 있는가? 윈도우 필름의 초기 성능은 외견상 차이가 없어 보입니다. 그러나 실제 사용 시 시간이 지남에 따라 많은 편차를 보입니다. 초기 성능이 급격히 하락하지 않고 그대로 유지되는 내구성능과 이에 관한 충분한 정보를 제공하는 제품이 믿을 수 있습니다. (내구성능 확인은 필름의 접착제를 제거한 후 차단력을 측정합니다.) 06 필름 접착제의 안전성 및 긁힘 방지코팅의 내구성은 충분한가? 필름 접착제는 선명도와 아주 밀접한 관계가 있습니다. 오랜기간이 경과되어도 변형되지 않아야 합니다. 또한 필름의 성능유지를 위한 흠집 방지코팅의 안정성도 중요합니다. 07 전문가에 의한 전문시공기술 적용이 가능한가? 아무리 좋은 필름도 전문 시공기술자의 전문시공이 중요합니다. 전문적인 열선유리 한 장 시공, 곡면을 가진 전면 유리접착과 같은 전문 틴팅은 교육을 받고 훈련되어진 전문가에 의해서 시공될 때 제대로 된 기능을 발휘할 수 있습니다. 08 윈도우 틴팅 전문작업장을 지정점마다 필수적으로 갖추고 있는가? 윈도우 필름은 깨끗한 실내 전문작업장에서의 시공이 기본입니다. 출장 시공이나 야외에서의 시공은 필름의 시공하자나 차량의 안전에 문제가 발생할 수 있습니다. (루마 지정전문점은 실내 작업장에서 시공합니다.) 09 본인 판단하에 본인 환경에 적합한 필름을 선택하세요. 기본적으로 자신의 환경에 적합한 필름의 선택이 제일 중요합니다. 작업자나 전문가는 단지 선택에 도움을 주기위한 조언가로서 역할을 할 뿐 최종 선택은 항상 고객님의 몫입니다. 10 법규에 합당한 제품인가? 법규정을 준수하는 것이 안전을 위해 가장 좋습니다. (법규 참조)"
35,★★★★★,제품/시공관련,루마가 세계 판매1위 썬팅필름 전문 브랜드인데 다른 썬팅브랜드와 비교해서 어떤 점이 다른가요?,"질문처럼 루마썬팅필름은 세계시장에서 가장 많이 사랑받는 전문브랜드입니다. 오직 썬팅필름만 제조하는 전문성과 오랜 역사, 노하우, 테크놀로지, 썬팅필름의 기초가 되는 베이스 필름생산으로부터 원스톱 공정으로 완제품을 생산하는 유일한 썬팅제조원입니다. 수많은 썬팅브랜드들과 루마 썬팅 필름은 무엇이 다를까요? 첫번째, 미국 이스트만 소속 세계 최대 윈도우필름 제조원입니다. 두번째, 60년이 넘는 경험과 노하우, 기술을 집약한 썬팅필름 전문제조원입니다. 세번째, 윈도우필름(선팅, 틴팅, 썬팅) 생산을 위한 전문성을 갖추고 정확한 품질을 생산하고 있습니다. 네번째, 오리지널 메이드인 USA 제품으로 믿을 수 있습니다. 다섯번째, 제조원으로부터 정확한 품질관리가 이루어지고 있습니다. 여섯번째, 인증된 딜러를 통해서만 공급되어지고 있고 훈련된 시공인들로부터 전문시공되고 있습니다. 일곱번째, 모든 윈도우필름 메이커들에게 기초 재료들을 공급하고 있습니다. 여덟번째, 원스톱 공정으로 완제품을 생산하는 세계 유일의 썬팅필름 제조원입니다. 아홉번째, 지금도 메이저 차량의 유리에 사용되어지고 있습니다. 열번째, 고객으로부터 시공자에게까지 모두 다 만족할 수 있는 품질을 갖추고 있습니다. 열한번째, 첨단 IT 기술이 적용되는 자동차에 최적화된 제품을 갖추고 있습니다. 열두번째, 세계판매 1위의 제품으로, 세계인들로부터 가장 많이 사랑받고 있는 썬팅브랜드입니다."
34,★★★★★,제품/시공관련,로고가 흐릿하게 나오는 이유는 무엇인가요?,"루마썬팅필름에는 정품임을 표시하기 위한 보조수단으로 썬팅필름 표면에 로고와 함께 제품정보를 표시하고 있습니다. *QR코드가 흐릿한 이유 모든 윈도우 필름면에는 하드코팅이 되어 있습니다. 그 매끄러운 하드코팅위에 로고를 인쇄하게 되는데 근본적으로 그 로고는 영구적으로 안착이 되지 않습니다. 로고는 프린트 하는 과정에서 필름면에 데미지를 주지 않도록 조정하게 되는데 이때 흐릿하게 인쇄될 여지가 높으며 특히 차량유리에 썬팅 필름을 부착하면서 도구를 이용해 밀착시키는 과정에서 프린트의 로고가 흐릿해지는 경우도 발생할 수 있습니다 . 더우기 틴 팅필름은 운전자의 시야에 방해가 되어지지 않도록 해야하기 때문에, 썬팅면에 새겨진 로고를 경우에 따라 지울 수 있도록 만들어지고 있습니다. 이에따라 루마 공식 인증점에서 시공하신 후 수기(手記)가 아닌, 컴퓨터로 출력된 전자 보증서를 받으셨다면 정품시공으로 인증 받은 것이며 시공에 관련된 모든 데이터들은 본사의 DB(데이터베이스)에 저장되어 관리가 됩니다. 로고가 흐릿하거나 전혀 없더라도 루마인증점에서의 시공과 보증서 발급만으로도 충분히 정품인증과 보증서비스를 받을 수 있습니다. 루마인증점은 루마코리아에서 인증된 정품취급 업체이며 엄격한 관리시스템으로 제품관리를 하고 있습니다."
33,★★★★★,제품/시공관련,썬팅필름 시공 후 겨울철에는 어떤 관리요령이 있나요?,"l 차량썬팅후 겨울철에 주의해야 할 것 겨울철엔 썬팅된 창유리에도 관심을 가져야 합니다 겨울철 차안의 온도를 높이기 위해 차량 이동중 실내에 히터를 켜게 됩니다 . 데워진 난방열기는 바깥의 차가운 공기와 만나면서 차유리 내부면에 김서림을 발생시키죠 . 김서림이 지속되다보면 차유리 표면에서 결로가 발생하게 되구요 . 결로는 일반 건물유리에서도 발생하지만 자동차유리에서도 발생합니다 . 습기와 결로로 가득한 실내 ↑ 결로와 성에 방지에 신경써야! 결로가 지속된 상태에서 차량운행을 중지하고 장시간 주차를 하게되면 창유리에 맺혔던 습기가 아래로 흘러내리면서 창틀 고무가스켓에 고이게 됩니다 . 결국 아래로 흘러내린 결로는 차가운 공기로 인해 고무가스켓에 얼어붙게 됩니다 . 바깥유리는 물론 차량내부 창틀아래 가스켓에도 결빙이 되어 있습니다 . 차량의 바깥쪽 유리의 결빙은 육안으로 금방 알 수 있지만 , 차량 내부에서는 유리창쪽만 결빙이 보이지 않으면 아랫쪽이 얼어붙어 있다는 것을 눈치챌 수 없습니다 . 이처럼 창틀 아랫쪽의 결빙은 눈으로는 잘 보이지 않기에 운전자는 자연스럽게 창유리를 내릴 수 있습니다 . 특히나 담배를 피우는 애연가라면 아침에 차에 오르자마자 담배 한모금 길게 빨고는 담배 연기를 토해 내기위해 창유리를 내립니다 . 이때 예상치 못한 일이 벌어집니다 . 우지직 zzzzz~( 이 소리는 썬팅지가 벗겨지는 소리입니다 ) 창틀 가스켓과 썬팅된 유리가 함께 엉겨 얼어 붙어있던 상태에서 창유리를 바로 내려버리면 얼음으로 인해 썬팅지를강제로 잡아당겨져서 결국 썬팅된 하단 밑부분이 벗겨지게 됩니다 ! 장시간 운행을 한 다음 옥외에 주차를 한 경우라면 예열을 통해 실내온도를 높여 창틀의 결빙을 푼 다음 창유리를 내리는 것이 중요합니다 . l 겨울철엔 파노라마썬루프도 얼어 있다 요즘파노라마썬루프를 장착한 차량들이 많이 있습니다 . 파노라마썬루프는 통풍효과 , 채광과 개방감 , 스타일 때문에 많이 선택하는데 그런만큼 주의와 관심이 필요합니다 . 특히 겨울철엔 파노라마썬루프도 얼어있습니다 . 눈으로는 잘 식별이 안될 수 있기에 주의를 해야 합니다 . 차에 타자마자 바로 열거나 틸팅으로 작동을 하면 파손의 위험이 상당히 높습니다 . 차량의 실내온도를 높여 결빙이 다 풀린 상태에서 파썬 틸팅이나 개방을 하도록 합니다 . 겨울철 썬팅지 벗겨짐 방지를 위해서는 1) 주차를 위해 차에서 내리기 전에 창유리에 생긴 수분(물방울)을 에어컨을 작동시켜 밤새 얼지 않도록 건조시켜야 하며, 2) 아침에 창유리를 작동시키기 전에 히터를 작동시켜 차 내부온도를 일정기간 올린 후 창유리를 작동시켜야 합니다. 고객의 부주의로 창유리 작동과정에서 필름이 탈착되어 재시공시에는 본사 A/S 규정에 따라 시공비가 발생할 수 있습니다. 겨울철에는 기상변화가 많기 때문에 주행환경의 변화도 심합니다 . 그러기에 안전사고 예방에 주의를 기울여야 합니다 . 항상 예방하여 안전운전을 실천하는 것이 중요합니다 ."
32,★★★★,제품/시공관련,루마썬팅의 완벽한 자외선 차단으로 인하여 인체에 필요한 비타민D의 생성에 방해가 되는 것은 아닌지요?,"햇빛이 인체에 비타민D의 합성에 도움을 주는 것은 사실입니다. 비타민D는 피부에서 자외선(정확히 말하면 자외선B)이 복합체 ( 7-dehydrocholesterol:7-디하이드로 콜레스테롤) 와 반응할 때 생성됩니다. 자외선 합성에 가장 좋은 광선은 270~300 나노미터의 파장대를 가지고 있습니다. 이러한 파장대는 더 낮은 각도에서 자외선 수치가 3보다 크거나, 두터운 대기층에 의해 흡수되는 다량의 자외선으로 인하여, 태양의 위치가 수평선(해수면) 45도 이상일 때 나타납니다. 더 높은 고도에서는, 자외선을 흡수할 대기층이 희박합니다. 통상적으로 창유리는 매우 작은 양의 자외선B를 전 달하지만 300나노미터에서는 거의 전달되지 않습니다. 그러므로 비타민D의 생성에 있어서 창유리에 윈도우틴팅을 한다고 하여 비타민D에 필요한 자외선의 변화는 매우 미미할 따름입니다. 창유리를 통해 투과되는 많은 양의 자외선은 비타민D 생성에 관여하지 않는 파장대(320~380 나노미터)내에 있습니다. 비타민D 생성에 있어서 가장 좋은 방법은 매일 햇빛을 5~10분 정도 쪼이는 것이며 의사가 권장하는 비타민D가 풍부한 음식이나 비타민D 보충제를 섭취하는 것입니다. 인체의 비타민D 수치를 감소시키는 주요원인이 필름시공은 아니며, 오히려 필름 시공으로 인하여 인체에 유해한 과도한 자외선으로부터 피부와 시력을 보호하는데 큰 도움을 주는 역할을 합니다."
31,★★★★,제품/시공관련,집안내 세균을 살균하는 자외선을 루마필름이 99%이상 차단한다면 세균이 증식되는 결과를 가져오는 것은 아닌지요?,"자외선 A, B, C가운데 UVC(자외선 C)가 박테리아를 죽이는 것은 사실입니다. 사실 UVC 는 의료기기를 살균하고, 심지어 공조기 덕트내의 세균도 UVC 발생기에 의해 살균됩니다. 240~280 나노미터부터의 UVC 파장이 살균에 필요합니다. 그러나, 해수면에서 UVC 와 햇빛은 거의 관련이 없으며, 확실히 유리창을 통과하여 얻어질 수 없습니다. UVB(280~320 나노미터)와 UVA(320~380 나노미터)는 그들의 DNA를 파괴하기에는 파장이 너무 길므로 세균을 죽이지 않습니다. 그러므로, 창유리에 필름을 시공하는 것은 여러분 의 집에서 박테리아가 증식하는 결과를 가져오지 않을 것입니다."
30,★★★★★,제품/시공관련,열차단효과 과장광고의 허와 실,"태양에너지는 빛과 열의 형태로 가시광선, 자외선 그리고 적외선에 분포되어 있습니다. 이에 따라 태양열은 가시광선, 자외선, 적외선 영역에 각각 44%, 3% 그리고 53% 가 분포되어 있습니다. 썬팅필름은 열차단 물질의 종류에 따라 크게 메탈(금속성)필름과 세라믹(무기질) 제품으로 구분됩니다. 메탈은 태양열을 반사시키는 성질이 있으나, 하이패스, 아파트 출입구 센서등 주파수방식(RF리더기방식)으로 구동되는 자동차 수신기기에 영향을 주고 반사도가 증가하여 운전자가 필름을 통하여 외부를 볼 때 시인성(선명도)가 떨어지는 원인이 됩니다. 세라믹 필름은 열반사를 많이 시키는 메탈필름에 반하여 열을 흡수하는 성질을 갖고 있습니다. 열을 필름이 흡수하게 되면 일정시간후 일부의 열이 차량내부로 들어오는데 이것은 차량 내부의 에너지손실의 원인이 되기도 합니다. 간단히 말하자면 현재의 필름제조기술로는 열차단도 완벽하게 되고 시인성(선명도)도 좋은 제품을 만드는 것이 어렵습니다. 다시 말하자면 시인성을 최대한 확보한 상태에서 열차단을 가능한 끌어올린 제품이 뛰어난 필름이라고 할 수 있습니다. 그런데, 필름회사중 일부 업체들은 자사제품의 열차단효과를 지나치게 부풀려 홍보하는 행태를 보이고 있습니다. 우선 어떤 필름에 대해서 열차단율 90%니 심지어 99%니 광고하는 것은 명백하게 과장광고 입니다. 이들 업체들이 홍보하는 열차단율이란 사실은 적외선 차단율입니다. 그러나 적외선 영역대는 780~2,500 나노미터로 넓은 파장영역을 가지고 있는데, 이들 업체들은 전체 영역중 극히 일부분인, 900~1,000 나노미터의 매우 좁은 영역대의 적외선 차단율을 마치 전체적인 열차단율인 것처럼 홍보하고 있습니다. 이들 업체들이 소비자에게 보여주는 열차단 측정기계도 전체 적외선 영역대를 측정하는 것이 아닌 일부 영역대의 적외선 투과율(차단율)을 측정하는 것입니다. 그야말로 소비자에게 ""눈가리고 아웅""식의 과장광고를 하는 것입니다. 루마필름은 물론 IWFA(국제윈도우필름협회)같은 단체에서도 적외선 차단율을 공식적인 데이터로 활용하지 않고 있는 이유는 이것을 전체적인 평균 열차단율 이라고 할 수 없기 때문입니다. 루마필름과 국제윈도우필름협회에서는 TSER(Total Solar Energy Rejected : 총 태양에너지 차단율)을 공식적인 열차단율 데이터로 활용합니다. TSER은 가시광선, 자외선, 적외선의 태양에너지 세가지 영역의 열에너지 차단율에 필름이 흡수하는 태양열과 시간경과후 차량 내부로 유입되는 열손실율까지 계산한 공식데이터 입니다. 자동차필름중에서 TSER이 70%가 넘는 경우는 메탈을 대량으로 사용한 경우이고 이 경우 필름의 시인성은 떨어질 수 밖에 없습니다. 루마필름은 선명도(시인성)면에서 다른 어느 제품보다 뛰어나며 시인성과 TSER의 균형을 갖춘 다수의 제품들을 보유하고 있습니다. 특히 루마 버텍스필름은 초고선명도의 시인성으로 낮이든 밤이든 필름시공전보다 더 나은 시각적 편안함을 제공합니다. 소비자님들께서는 필름 선택시 열차단율에 대해 과장광고를 일삼는 업체의 제품의 선택으로 인한 피해를 방지하기 위해서 충분한 주의를 기울이시길 당부드립니다."
29,★★★★★,제품/시공관련,루마 컬러필름(그린/브라운) 무엇이 특별할까요?,"1) 레이밴이란 제품명에서도 알 수 있듯이 컬러필름은 유명 썬글라스 제조업체의 고급썬글라스 색상에 맞춰 제조되었으며, 운전하는데 있어서 그린 컬러와 브라운 컬러는 시각적으로 매우 편안한 느낌을 주므로 주행시 쾌적한 느낌을 제공합니 다. 2) 시각적으로 편안하면서도 일반 메탈급보다 열반사 지속율이 높아 TSER(총태양에너지차단율)에서 우수합니다.(제품소 개 참조) 3) 피부건강에 가장 유해한 태양자외선에 대해서는 고급 썬크림의 SPF(태양차단지수-최대 50)를 훨씬 뛰어넘는(2배이상) SPF지수 100을 보유함으로써 민감한 피부의 여성이나 아기를 운전 혹은 탑승하는 경우 피부보호에 보다 큰 효과를 누 릴 수 있습니다. (루마 컬러필름은 미국 피부암협회 권장상품입니다.) 4) 태양의 눈부심현상을 현저히 감소시켜(최대 90%) 안전운전및 쾌적운전을 극대화시켜 줍니다. 5) 그린 컬러는 모든 차종의 색상에 어울리며, 브라운 컬러는 흰색과 빨강색 차량에 시공하면 차량을 더욱 돋보이게 해 줍 니다."
28,★★★★★,제품/시공관련,시공후 진품과 가품(짝퉁필름)의 구별이 가능한지요?,"썬팅(윈도우틴팅)필름은 시공후엔 전문가도 식별하지 못할 정도로 진품과 짝퉁의 구별이 대단히 어렵습니다. 그 이유는 아래와 같습니다. 1. 짝퉁필름들은 루마필름의 색상을 벤치마킹하여 제조되기 때문에 시공된 후 육안으로 진품인지 짝퉁인지 구별이 매우 어렵습니다. 2. 불과 몇년전만 하더라도 필름을 벗긴 후, 접착제(본드) 냄새를 맡으면 짝퉁필름의 경우 매우 고약한 냄새가 나서, 이 냄새만으로도 구별이 되었지만, 현재는 짝퉁필름도 루마필름에서 적용하는 접착제와 거의 흡사한 접착제를 사용하므로 접착제 냄새로 구별하기도 사실상 불가능합니다. 썬팅은 단순한 상품판매가 아니라, 시공을 통하여 완성되는 상품인데 일부 수입업자및 유통업자들이 시공후엔 전문가들도 식별이 어렵다는 점을 악용하여 내용물은 짝퉁제품에, 박스만 교묘하게 위조하여 유통시키는 경우도 다수 있으며, 실제 이러한 업체가 적발되어 법적인 조치를 받은 적도 있는 바, 이러한 짝퉁필름이 근래에는 워낙 교묘하게 위조, 생산되므로 일반 소비자들이 진품인지 짝퉁인지 구별하기는 현실적으로 매우 어려우며 1년도 안 되어 탈색이 되거나 접착제가 변형되어 이지러짐 현상이 생기는 등 문제가 생긴 후에야 알게 되어 고스란히 소비자 피해로 돌아오는 경우가 급격히 증가하고 있는 추세입니다. 그러므로 짝퉁의 피해로부터 벗어나는 가장 확실한 방법은 루마 홈페이지에  등록된 루마 공식 시공점에서 정식제품으로 시공을 받으 시는 것임을 인지하여 주시길 바랍니다."
27,★★★★★,제품/시공관련,루마 정식시공점과 유사시공점(썬팅 멀티샵)은 어떻게 구별할 수 있습니까?,"1. 현재 루마코리아 홈페이지( www.llumar.co.kr )에 등록된 공식시공점이외의 썬팅시공업체들은 모두 유사시공점(멀티샵)으로 판단하셔도 됩니다. 루마필름 제조원인 솔루시아의 국내 유일한 공식공급업체인 루마코리아는 일정수준 이상의 시공기술력과 청결한 매장환경을 보유한 업체에 대하여 철저한 심사를 거쳐 루마 전문시공점(루마 가맹점)의 자격을 부여하고 있습니다. 물론, 루마전문시공점의 역사가 10년에 이르고 초창기에 개설된 일부 업체들이 매장환경이 미흡한 곳도 있습니다만, 현재 내년 3월 이전까지 매장환경 업그레이드를 완료하기 위해 노력하고 있습니다. 2. 루마코리아에 의해서 공식등록된 루마전문점들은 올해 도입된 그린존 마크를 통해 유사업체와 구별하실 수 있습니다. 루마 그린존 마크에는 루마코리아에서 상표등록한 로이드(LLoyd's) 영문글씨가 선명하게 삽입되어 있으며 로이드 상표명 무단사용시 법적인 처벌을 받게 되므로 유사시공업체에서도 사용할 수 없습니다. 루마 그린존 마크는 고객의 권익을 보호하고 유사품이나 짝퉁피해를 방지하기 위해 도입된 루마의 트레이드 마크이므로 반드시 루마 공식시공점 매장 외부 창유리에 부착되어 있는 루마 그린존 마크를 확인하시길 바랍니다."
26,★★★★,제품/시공관련,레이싱카 전용 신제품 시러스80을 시공하고 싶은데 주의를 요구하는 사항은 없나요?,"루마코리아에서 런칭한 레이싱카 전용필름인 시러스 80은 가시광선 투과율 80%(창유리 시공후 실투과율 72%)로써 현행 법규상 전면썬팅 허용치인 70%를 상회하여 법규를 충족시킬 뿐만 아니라, 운전시 시야를 시원하게 해주는 스카이블루 색상과 더불어 완벽한 자외선 차단력(99.9%)과 최대 70%에 이르는 뛰어난 태양열 차단력, 눈부심 감소효과로 여러분께 쾌적한 드라이빙 라이프(Driving Life)를 실현시켜 드릴 것입니다. 시 러스 80은 이미 충남보령의 아주자동차대학에서 매년 주최하는 짐카나 12월 대회에서 실제 시공후 성능테스트를 통하여 카레이서의 최고평가와 찬사를 받은 바 있습니다. 시 러스 80(CIRRUS80)은 뛰어난 복사 태양열 차단능력을 보유하고 있으며, 극강의 IR(열적외선) 차단력으로 인하여 하이패스 기종중 IR타입(적외선 송수신방식) 하이패스 수신시 장애가 발생할 수 있으므로 이 때는 RF타입(주파수 송수신방식)하이패스 사용을 권장합니다. 보다 자세한 내용은 루마 전문시공점과 상의하여 주십시오."
25,★★★★,제품/시공관련,루마필름의 제조원,"About Solutia Inc. Solutia is a market-leading performance materials and specialty chemicals company. The company focuses on providing solutions for a better life through a range of products, including: Saflex? polyvinyl butyral interlayers for glass lamination and for photovoltaic module encapsulation and VISTASOLAR? ethylene vinyl acetate films for photovoltaic module encapsulation; LLumar?, Vista™, EnerLogic?, FormulaOne?, Gila?, VKOOL ?, Hüper Optik?, IQue™, Sun-X? and Nanolux™ aftermarket performance films for automotive and architectural applications; Flexvue™ advanced film component solutions for solar and electronic technologies; and technical specialties products including Crystex? insoluble sulfur, Santoflex? PPD antidegradants, Therminol? heat transfer fluids and Skydrol? aviation hydraulic fluids. Solutia’s businesses are world leaders in each of their market segments. With its headquarters in St. Louis, Missouri, USA, the company operates globally with approximately 3,300 employees in more than 50 worldwide locations. More information is available at www.solutia.com . <솔루시아 릴리즈 기사 내용> 솔루시아는 필름시장을 선도하는 고성능 소재와 화학분야의 우량 전문업체입니다. 솔루시아는 유리박막에 적용하는 세이플렉스(Saflex) 폴리 비닐 부티럴(Poly Vinyl Butyral)중간층과 광전지 모듈 보호캡슐에 적용되는 비스타솔라(VISTASOLAR) 에틸렌 비닐 아세테이트 필름을 포함하는 다양한 제품군을 통해 보다 나은 생활환경을 제공하는데 역점을 두고 있습니다. 솔루시아에서 관리하는 브랜드(상표)는 다음과 같습니다. 자동차 애프터마켓 : LLumar(루마), Vista(비스타), EnerLogic(에너로직), FormulaOne(포뮬라원), Gila(길라), VKOOL브이쿨), IQue(아이크), Sun-X(썬-엑스) 건축용 필름 : Flexvue(플랙스뷰) 솔루시아는 그 외에도 진보된 구성품(솔루션)과 전기적인 기술력을 보유하고 있으며, Crystex(크라이스텍스) 불용성 유황, PPD, Therminol (써미놀) 전열용액, Skydrol(스카이드롤) 항공 경화용액의 상표를 보유하고 있습니다. 솔루시아의 사업은 전 세계 각지의 사업리더들의 사업의 조각을 모은 것과도 같습니다. 솔루시아는 미국 미주리주 세인트루이스에 본사가 있으며, 세계 50개 이상의 지역에서 3,300여명의 직원들이 국제적인 기업운영을 펼치고 있습니다. 보다 상세한 정보는 www.solutia.com 에서 참고하시길 바랍니다. * 현재 솔루시아는 이스트만 그룹에 합병되어 이스트만 그룹에 서 루마필름을 생산, 관리하고 있습니다."
24,★★★★,제품/시공관련,썬팅법규에 부합하면서 차단력이 좋은 제품을 시공하고 싶은데 어떠한 제품으로 시공하면 좋나요?,"현행 도로교통법상 썬팅필름의 가시광선 투과율 허용치는 전면유리의 경우 70%이상, 측면유리의 경우 측면 1열(운전석및 조수석)만 해당하며 40% 이상입니다. 측면유리중 2열과 3열 유리와 후면열선유리는 규제대상에서 제외되어 있습니다. 물론 현행법규를 만족시키면서도 자외선및 열차단이 뛰어난 제품은 루마제품군에 다수 포진되어 있습니다. 우선 질문에 적합한 제품으로 전면유리용으로는 최근 출시된 시리우스80(CIRRUS80 ) 제품을 권장합니다. 맨유리의 가시광선 투과율 (83~90%)에 근접하면서도 99.9%의 완벽한 자외선 차단력과 강력한 단열효과로 이미 국내 굴지의 레이싱대회에서 실제 장착한 후 주행하여 시인성, 태양차단력, 눈부심 감소등 효과면에서 카레이서의 최고의 찬사를 받은 바 있습니다. 시리우스80 은 하이패스 모델중 IR타입(적외선 송수신 방식)제품 장착시 수신에 영향을 줄 정도로 강력한 IR-CUT(열적외선 차단력)을 보유하고 있어 뛰어난 단열효과로 운전시 매우 큰 만족감을 드릴 것입니다. 측후면용으로는 버텍스50(VERTEX50 ) 제품을 권장합니다. 전자현미경 수준의 극강의 시인성과 우수한 차단효과로써 수많은 매니아들 의 호평을 받고 있는 제품입니다. 그 외에도 전면용 시리우스75(CIRRUS75)와 측후면용 아티젠50(ARTISAN50), 라티튜드50(LATITUDE50), 버텍스50(VERTEX50)등의 제품이 있으며, 제품에 대한 상세한 사양은 루마 홈페이지의 제품소개에서 확인하실 수 있습니다. 썬팅법규와 프라이버시 효과를 모두 만족시키는데는 한계가 있으므로 제품 선택시에는 소비자께서 법규및 시공목적 그리고 그에 따른 성능및 내구성등을 충분히 고려하여 선택하시길 바라오며 루마 공식시공점을 방문하셔서 전문가와 상담및 샘플확인을 통해 필름 선택을 하실 것을 권장합니다."
23,★★★★,제품/시공관련,어느 업체에서는 시공기술이 필름의 성능에 많은 영향을 준다고 하는데 사실인지요?,"썬팅의 퀄리티를 결정하는 요소는 90%이상이 필름의 품질, 즉 성능과 그 성능을 보증기간동안 유지시켜주는 내구성입니다. 시공기술을 지나치게 강조하는 업체의 경우 필름의 품질이 떨어지거나 미흡할 때 이를 호도하기 위해서 흔히 시공기술이 퀄리티의 50%이상을 차지한다거나 시공을 잘못하면 썬팅의 품질까지 변질되는 것처럼 왜곡된 정보를 제공하는 경우가 많습니다. 분명한 것은 썬팅필름의 품질이 떨어질 경우 아무리 시공기술이 우수하다고 하더라도 좋은 썬팅이 될 수는 없다는 것입니다. 시공과정이 잘못되어 문제를 일으킬 수 있는 부분은 전면유리 또는 후면열선유리를 한장으로 시공하기 위한 성형과정중 열처리가 제대로 안되어 접착제가 변형을 일으켜 시인성에 영향을 미치는 정도입니다. 나머지는 모두 시공후 외관적인 상태에 관련된 것입니다. 시공과정에서 컨타미네이션(이물질)이 많이 유입된 경우 미관상 불편을 줄 수 있지만, 이로 인하여 필름의 성능이 변질되지는 않습니다. 또한, 마이크로 엣징(측면 창유리 엣지와 필름끝면을 밀착시켜서 마치 색유리처럼 보이게 하는 기법)이나 무커팅 기법(룸미러 뒷편의 도트 매트릭스 부분을 커팅하지 않고 시공하여 외부에서도 모양새가 좋게 하는 기법)을 사용하지 않았다고 하여 썬팅필름의 품질에까지 영향을 끼치는 것은 아닙니다. 이러한 높은 수준의 썬팅기술은 매우 어려우며 마감처리에 시간이 걸리고 작업 결과물이 외관상 매우 보기가 좋은 것은 사실입니다. 그러나 이는 썬팅시공후의 외관에 관한 것이지 성능에는 별다 른 영향이 없다는 것을 인지하시길 바랍니다. 앞서의 설명처럼 썬팅의 퀄리티를 결정하는 90%이상의 요인은 바로 제품, 즉 필름인 것입니다. 그러므로 지나치게 시공기술을 강조하거나 시공과정에서 특수한 약제를 사용한다거나 하는 등의 썬팅필름의 품질 외적인 부분을 강조하는 업체의 경우 시공하고자 하는 필름의 제조원이 믿을만한 곳인지, 취급하는 제품이 저급한 제품은 아닌지 반드시 확인하시길 바랍니다. 일부 브랜드를 포장한 업체의 경우 국산제품과 수입제품을 혼용하여 사용하며 이를 시공기술이라는 명목으로 필름의 품질을 소비자에게 호도하는 경우도 발생하고 있으므로 소비자들의 각별한 주의가 필요합니다."
22,★★★★★,제품/시공관련,소셜 판매업체에서 루마를 시공한다고 하여 시공받았는데 정품이 맞는지요?,"루마의 모든 제품은 단순한 상품판매가 아닌, 루마필름 제조원에서 규정한 기준에 의거하여 정품인증및 사후 a/s처리를 해드리고 있습니다. 루마필름 제조원인 이스트만의 관련 정책은 다음과 같습니다. "" 이스트만은 이스트만에 의하여 공식적으로 인증된 딜러나 시공업체에서 자동차및 건물용 창유리에 제조원이 권장하는 적합한 방법으로 공식인증된 틴터(시공기술자)에 의하여 시공되어질 때 정품인증 및 사후 a/s  처리가 유효합니다. "" 이에 따라서 당사(루마코리아)에 의해서 시공판매 계약을 맺은 루마 공식시공점이 아닌, 타 시공업체에서 시공되어지는 제품에 대해서는 정품인증이나 사후 a/s는 불가합니 다. 루마브랜드의 전제품은 특허청에 상표가 등록되어 있습니다. 루마 공식 인증점이 아닌 시공업체에서 루마 상표를 무단사용할 경우 아래와 같은 법적인 처벌을 받을 수 있습니다. 주) 현행 상표법은 타인의 상표권을 침해한 자에 대하여 7년 이하의 징역이나 1억 원 이하의 벌금을 부과하고(제93조), 상표권 침해행위에 제공되거나 그 침해행위로 인하여 생긴 상 표·포장 또는 상품과 그 침해물 제작에 주로 사용하기 위하여 제공된 제작 용구 또는 재 료를 몰수할 수 있도록 규정하고 있습니다 (제97조의2항). 또한 손해액 추정방법 규정에 따라 침해자는 상품을 판매한, 즉 썬팅시공한 금액에 권리 자의 원가계산에 의한 제품당 이익 액을 곱하여 권리자의 손해액을 추정토록 하고 있습니다 (제67조). 소비자께서는 소셜업체를 비롯하여 인터넷 블로그나 홈페이지 그리고 기타 사이트등을 통하여 판매시공되는 루마정품이 라는 문구에 현혹되어 피해를 입지 않으시도록 주의를 당부드립니다. 아울러, 루마브랜드를 무단사용하는 업체에 대해서 손해배상 청구는 물론 민,형사를 포함한 모든 법적인 책임을 물게 됩니다."
21,★★★★,제품/시공관련,프라이버시 글라스나 자외선 차단유리가 있는 차량의 경우도 썬팅을 해야 하나요?,"유리 종류별 비교 (4mm 기준) Clear Green Solar UV Filter TL(%) 89 81 72 71 TE(%) 83 61 44 44 TUV(%) 56 31 20 8 *자동차 Front Door의 가시광선 투과율은 운전자 시야 확보를 위해 70% 이상으로 규제 TL : %로 표시된 가시광선 투과율 TE : %로 표시된 에너지 투과율 TUV: %로 표시된 자외선 투과율 (위 데이터는 유리제조사 홈페이지의 내용을 발췌한 것임 - 2010년도 자료) 자동차유리 제조원인 한글라스 홈페이지( www.hanglas.co.kr) 에 접속할 경우 위의 데이터를 통해 확인할 수 있듯이 자동차 창유리중 최고사양인 자외선 차단유리(UV Filter) 장착시에도 자외선 차단율은 92%에 머무르고 있습니다. 또한 솔라글라스의 경우에도 자외선 차단율은 80%에 머무를 만큼, 루마필름 시공시의 99% 이상 자외선 차단율과는 현격한 차이를 보이고 있습니다. 즉, 자동차 창유리 자체의 차단력엔 한계가 있기 때문에 완벽한 자외선 차단력을 가진 필름으로 시공해야 완벽한 기능을 발휘하는 것입니다. 승용차의 경우 측면 2열유리, RV차량의 경우 측면 2,3열 유리가 출고당시 프라이버시 글라스로 되어 있는 경우가 있는데, 마찬가 지로 완벽한 차단력을 갖춘 기능성 필름으로 시공해야 피부걱정없이 안심하고 운전하실 수 있습니다. 시선 차단을 하기 위한 프라이버시 글라스라 할지라도 루마 아티젠급 이상으로 시공하실 경우 더욱 확실한 성능을 발휘할 수 있습니다. 루마필름은 다양한 농도의 제품이 구비되어 있어 측면 1열유리가 클리어유리든지, 그린유리든지 컬러매칭이 가능합니 다. 고민하지 마시고 지금 바로 가까운 루마 공식시공점과 상담하십시오~!!"
20,★★★,제품/시공관련,루마필름은 미국 피부암협회에 등록되어 있나요?,"예, 그렇습니다. 루마의 자동차용 필름은 미국 피부암협회에 권장제품으로 등록되어 있습니다. 루마닷컴( www.llumar.com )에 가시면 사이트 하단에 등록된 인증기관의 로고가 나오므로 확인이 가능하십니다. 미국 피부암협회는 99% 이상의 완벽한 자외선 차단력이 입증된 제품에 대해서만 권장제품으로 등록하고 있습니다."
19,★★★★,제품/시공관련,루마필름 시공시 햇빛으로 인한 눈부심은 얼마나 감소하나요?,루마필름중 아티젠 이상의 상위제품의 경우 눈부심 감소율은 최대 90%에 이릅니다. 마치 야외에서 썬글라스를 착용한 듯한 유용 한 효과는 따라서 고객님의 안전운전과 쾌적운전에 매우 큰 도움을 드릴 것 입니다.
18,★★,제품/시공관련,썬팅필름을 시공하면 유리를 통한 소음 감소에 도움이 되나요? 소음방지 필름이 있나요?,"Does the installation of window film help to reduce the transmission of sound (noise) through glass? Are there any films that have ""sound deadening"" properties? Answer: The long and short answer is: No. For good or ill, surface-mounted window films in general appear to have little measurable effect on the transmission of sound through glass. Given the physics of glass and surface-mounted thin films, window films simply do not have the mass needed to absorb significant amounts of sound energy striking a window. 아니오. 없습니다. 유리표면에 부착된 윈도우필름이 유리를 통해 들어오는 소음에 미세하게 영향을 줄 순 있습니다. 그러나, 유리표면에 부착된 박막(얇은)필름이 유리 고유의 물성에 반하여 창유리를 두드릴 정도의 소리 에너지의 양을 흡수할 정도의 질량이 없기 때문에 썬팅시공만으로 소음을 줄이거나 방지할 수 없습니다."
17,★★★★,제품/시공관련,루마필름의 SPF(Sun Protection Factor:태양차단지수),"화장품 매장에서 썬크림이나 기능성 화장품을 구입할 때 겉케이스에 표기된 SPF지수를 본 경험이 누구나 있을 것입니다. SPF(Sun Protection Factor : 태양 차단지수)는 태양으로부터 피부를 보호해 주는 정도를 표시한 수치로써 숫자가 클수록 보호효과는 증가하게 됩니다. 자외선 차단제품을 바르고 자외선을 쬐였을 때 붉은 반점이 생기는데 필요한 자외선의 최소량을 통상적으로 맨살이 자외선에 노출되었을 때 피부에 붉은 반점이 생기는데 필요한 자외선의 최소량으로 나눈 값입니다. 대개 맨살로 자외선을 쬐였을 때 홍반(붉은 반점)이 생기는 시간은 15~20분. SPF는 이 시간을 지연하는 정도를 나타냅니다. 예를 들면 SPF20은 300~400분(15 또는 20 X 20) 동안 피부가 빨갛게 되는 것을 방지해 준다는 것입니다. 그럼 루마필름의 SPF는 어떨까요? 루마필름을 피부에 바르는 썬크림과 비교했을 경우의 SPF 수치는 매우 큽니다. 루마제품중 루마 아티젠이상의 제품들 (루마 아티젠, 루마 라티튜드, 루마 시리우스, 루마 버텍스)은 1% 미만의 자외선 허용치를 나타냅니다. 즉, 자외선 차단율이 99%이상인데, 이 경우 SPF는 100 혹은 그 이상이 됩니다. SPF100은 썬크림과 비교할 경우 2,000분(100 X 20분)동안 외부 태양자외선에 노출시 피부를 보호해 준다는 것입니다. 만일 2%의 자외선 허용치(98% 자외선 차단율)를 가진 필름이라면 SPF는 50입니다. 보통 썬크림이나 자외선 차단제가 함유된 기능성 화장품의 최대 SPF 수치가 50을 넘지 않는다는 점을 볼 때 자외선 차단력이 완벽한 루마필름으로 시공을 하게 되면 얼마나 완벽하게 자외선으로부터 보호를 받을 수 있는 지 알 수 있는 대목입니다. 루마필름은 SPF 100이상의 자외선 차단지수를 가진 자동차 유리에 바르는 썬크림과 같으며, 루마필름의 SPF는 유해 자외선인 자외선A와 자외선B의 범위를 모두 방어하는 완벽한 능력을 가지고 있습니다. 자외선A는 310~400 나노미터의 파장대이며, 피부노화는 물론 기미, 주근깨등 피부트러블의 주범입니다. 자외선A는 흐린 날에도 그 복사량이 줄지 않으며, 얇은 커튼을 통과할 정도로 침투력이 좋아 장기적으로 볼 때 자외선B보다 피부에 더 큰 피해를 끼칩니다. 또한 자외선A는 자동차 창유리도 쉽게 통과하므로 창문만 올린다고 해서 안전한 것은 아니라고 전문가들은 설명합니다. 자외선B는 280~315 나노미터의 파장대이며, 일정시간을 초과하여 노출될 경우 피부의 면역학적인 기능을 떨어뜨려 세균침투및 피부암의 원인이 됩니다. 자외선B는 유리창을 통과하지 못하며 체내에서 생성하지 못하는 비타민D의 합성에 관여하여 골격을 튼튼하게 해 주는 장점이 있습니다. 자외선B는 유리창을 통과하지 못하므로 실내에 있으면 안전합니다."
16,★★★★★,제품/시공관련,필름의 내구성이 왜 중요한가요? (한 차원 다른 루마필름의 600시간 제논내구성테스트),"필름의 성능특성치는 자외선 차단율을 비롯하여 TSER(총 태양에너지 차단율), 스크래치 방지강도, 인장강도등 여러가지가 있지만, 자외선 차단율만큼 중요한 것은 이러한 성능의 초기값이 보증기간동안 오래 유지되는 필름의 내구성입니다. 루마필름은 다른 제품에 비해 이러한 초기성능을 유지하는 내구성면에서 뛰어나며, 이러한 내구성을 테스트하여 모든 제품에 적용함으로써 오랫동안 전 세계 소비자들의 신뢰를 구축한 필름회사는 극소수에 불과합니다. 루마필름의 내구성의 비밀은 바로 600시간 제논(Xenon)테스트에 있습니다. 600시간 제논테스트란 실험실에서 필름에 600시간동안 제논 광선을 조사하여 필름의 탈색여부로써 필름의 내구성을 체크하는 실험입니다. 이는 미국 아리조나 사막기후에서 3.5개월동안 태양광을 조사한 것과 동일한 기간이며, 이러한 제논 테스트는 루마의 모든 제품에 적용함으로써 루마필름은 초기성능뿐만 아니라, 이러한 초기성능을 보증기간동안 오래 유지시켜주는 내구성으로 인하여 오랜 기간동안 미국, 호주, 브라질, 러시아등 주요 썬팅필름 소비국은 물론 전 세계 소비자들로부터 신뢰와 사랑을 받아 온 것입니다. 일부 저가형 제품들은 제논 테스트를 하게 되면 보라색으로 심하게 탈/변색을 일으킵니다. 일부 국산업체등이 높은 열차단력을 앞세워 라디오 광고를 하며 요란하게 자사필름을 시장에 출시했지만, 탈색및 열차단수치의 급격한 저하등 내구성 문제가 발생하여 1년이 채 못가 모든 썬팅매장에서 자사제품이 사라지는 수모를 당한 경우도 있는만큼, 소비자들께서는 제품 선택에 있어서 필름의 내구성 또한 꼼꼼히 점검하실 필요가 있을 것입니다."
15,★★★★★,제품/시공관련,루마 신제품 버텍스(Vertex) 무엇이 다를까요?,"지난 1960년대말 미항공우주국 나사(NASA)의 우주선 개발과정으로부터 탄생한 루마 버텍스는 최상의 시인성(선명도)와 동급 최강의 열차단력을 겸비한 썬팅필름의 마스터피스(Masterpiece)입니다. 버텍스는 정밀 현미경 수준의 헤이즈(선명도 단위)를 구현하며 시각적으로 편안한 네오차콜 컬러로 눈부심을 현저히 줄이는 탁월한 시야 개선효과로 운전시 안락한 휴식공간에 있는 듯한 편안함을 제공해 드립니 다. 시중의 다른 제품들이 초기 열차단력을 강화시키는 과정에서 필름구조를 과다한 다층구조로 가거나 열차단물질을 과도하게 분사하다보니 썬팅필름의 중요한 요소인 시인성(차량 내부에서 밖을 볼때의 선명도)이 떨어지는데 반해, 루마 버텍스는 70% 상당의 TSER(태양에너지 차단 력)을 갖추고 있으면서도 다른 썬팅필름을 압도하는 뛰어난 선명도를 구현합니다. 또한 열차단력을 강조하는 저급제품들은 초기 열차단력이 오래 가지 못하는 분사방식(필름면에 용액을 뿌리는 방식)인데 비해 루마 버텍스를 비롯한 라티튜드, 씨러스, 아티젠등 루마의 제품들은 정확한 합지방식(자외선 차단막등 6~7겹의 다층구조가 각각의 독립적인 기능을 하면서 내구성을 높이는 방식)으로 초기성능이 보증기간동안 보존됨으로써 전 세계 소비자들로부터 신뢰와 사랑을 받고 있는 것입니다. 현재 썬팅시장에는 루마필름의 인기에 편승하여 짝퉁필름을 위시한 병행품이 범람하고 있는 바, 루마 버텍스는 루마필름의 제조원인 미국 씨피필름즈사에서 국내 로펌 1위인 김앤장 법률회사를 통하여   대한민국 특허청에 정식으로 상표등록한 상품명이므로 이제 더이상 소비자들께서는 병행필름으로 인한 피해를 두려워하실 필요가 없습니다. 남성들이 필드에 골프라운딩할 때 자외선을 피하기 위해 썬크림을 바르듯이, 여성들이 외출시에 피부보호를 위해 화장을 하듯이, 이젠 루마 버텍스 하나면 귀하의 차안 피부걱정은 눈녹듯이 사라집니다. 왜 썬팅을 하느냐고 물으신다면~??? 정답은 하나, 자외선과 태양열로부터 당신을 보호하기 위해 루마 버텍스 ! 정답은 하나, 뛰어난 선명도와 눈부심 감소효과로 안전운전을 보장받기 위해 루마 버텍스 !! 정답은 하나, 당신의 프라이드를 한 차원 높이기 위해 루마 버텍스 !!!"
14,★★★★★,제품/시공관련,루마제품이 다른 제품과 차별화되는 이유는 무엇입니까?,"1. 브랜드가 가공된 업체인지 확인하십시오. 현재 국내 시장에 브랜드를 걸고 영업하는 필름업체는 루마를 비롯하여 30여개 정도 있습니다. 그러나 대부분이 원 생산업체가 아닌, 자체 브랜드를 만들어서 영업하고 있는 업체들입니다. 자체 브랜드인지 아닌지 알 수 있는 방법은 해당업체의 홈페이지를 확인하여 실제로 필름을 생산하는 업체인지를 확인하는 것입니다. 해당업체의 홈페이지에 생산공장에 대한 설명이 안 나와있다면 다른 원 생산 업체로부터 제품을 받아서 자체 브랜드를 만들어 판매하는 업체입니다. 2. 브랜드가 가공된 업체의 문제점은 여러 메이커의 제품을 모아다가 자기 브랜드화했기 때문에 제품의 품질이 균일하지 않다는 것입니다. 또한, 루마등 유명브랜드의 병행수입품을 도입하여 다른 제품으로 둔갑할 가능성이 높다는 것입니다. 3. 특히 가공 브랜드 업체들은 수입산과 국산제품을 교묘하게 섞어 자기 브랜드화하기 때문에 시공되는 제품이 국산인지 수입산인지 소비자가 정확한 원산지 파악이 어렵습니다. 4. 유명 브랜드나 혹은 신생브랜드중에서도 원산지를 속이는 사례가 많습니다. 예를 들면 미국에서 생산되는 제품인데도 독일산이라고 고객을 속이는 사례가 있는가 하면 국산제품을 마치 수입품인양 고객을 호도하는 사례도 빈번하게 발생하고 있습니다. 이러한 사례에 대한 대처법은 소비자가 시공할 해당제품에 대한 정확한 메이커를 확인하는 것입니다. 우리가 식품을 선택할 때 중국산을 기피하듯이, 썬팅필름 또한 원산지 그리고 생산메이커의 확인은 대단히 중요한 것입니다. 5. 통상 브랜드 인지도가 없는 업체들은 과도하게 열차단율을 소비자 홍보로 앞세우는데, 열차단율은 정확한 의미에서 TSER(Total Solar Energy Rejected % 총태양에너지차단율) 이 맞는 개념이며, TSER은 규격화된 실험치와 이 실험데이터를 토대로 로렌스공식이라는 컴퓨터 프로그램에 대입하여 얻어지는 수치로써, 시간에 따른 태양열 내부입사로 인한 온도손실치까지 계산된 개념입니다. 보통 자사 제품이 열차단율 80%니 90%니 심지어 99%니 하는 홍보는 명백한 소비자 기만행위입니다. 루마 버텍스를 비롯하여 합지방식(필름염료층,접착제층, 자외선 차단막, 적외선 차단막등 각각의 필름막이 합쳐져서 제조되는 공정)으 로 정확하게 생산되는 필름은 각각의 차단막이 독립적인 역할을 하며 내구성이 오래 유지되는 반면에 분사방식(필름면 에 열차단 물 질을 분사하는 방식으로 내구성이 1년이상 유지되기가 어려움)의 제품이 다수인 저급제품들은 분사된 열차단물질 로 인하여 당장엔 열차단이 높은 듯 하지만, 이러한 기능은 1년이 가기 전에 사라진다는 점입니다. 이러한 부실한 내구성에 대해서 일부업체들이 소비자에게 함구하기 때문에 상세한 내용을 모르는 소비자들만 피해를 입게 됨을 유념하시길 바랍니다. 6. 또한 그러한 업체들이 열차단 필름이라고 내세우는 제품의 열차단물질은 열을 흡수하는 성질이 강하여 시간이 지나면 필름이 품고 있던 열이 차 내부로 유입되어 내부온도가 높아지게 됩니다. TSER은 이러한 시간에 따른 내부 열유입량이 포함된 수치이고, 몰상식 한 필름업체들이 내세우는 열차단율이란 다름아닌 순간IR(적외선)차단율로 IWFA(국제윈도우필름협회)등 국제필름유관단체에서는 인정받지 못하는 데이터인 것입니다. 7. 어떤 업체는 인터넷에 루마의 보급형 제품과 자사의 최고사양 제품을 비교하여 자사제품이 상대적으로 품질이 좋은 것처럼 선전을 하기도 합니다. 자사에서 만든 측정기를 사용하여 열차단이 높다고 홍보하는데 실상은 열차단측정기가 아닌 IR측정기이며, 이마저도 780~2,500 나노미터의 자외선 전체영역대가 아닌, 950~1,000나노미터의 좁은 영역대에서 측정한 값을 사용합니다. 8. 필름의 성능치만큼이나 중요한 것은 초기성능을 오래 유지할 수 있는 내구성입니다. 모든 루마필름은 미국의 루마필름 버지니 아주 마틴스빌 공장에서 600시간 제논 내구성테스트를 통과한 제품만을 수입/판매하고 있습니다. 600시간 제논 내구성테스트란 실험실에서 필름에 600시간동안 제논광선을 조사하여 변색여부를 테스트하는 것으로써, 이는 아리조나 사막기후에서의 3.5개월동안 외 부에서 태양광을 조사한 것과 동일한 조건 입니다. 이러한 검증된 내구성 테스트를 거치는 필름 제조업체는 극소수에 불과합니다. 루마필름은 초기성능뿐만 아니라, 보증기간동안의 성능유지에도 전세계 소비자들로부터 신뢰를 구축하고 있습니다."
13,★★★★★,제품/시공관련,루마필름을 신뢰할 수 있는 가장 큰 이유는 무엇입니까?,"지난 20년간 이미 6백만명이 넘는 고객께서 루마필름을 경험하신 후 루마필름의 가치를 인정해 주셨으며, 오늘도 입에서 입으로 루마필름의 가치가 전달되어지고 있습니다! 저희 루마코리아는 20년의 세월동안 오직 필름 제조원인 미국 솔루시아社로부터 루마제품만을수입/판매하여 왔습니다. 일반적인 현실에서 썬팅필름 업체들이 복수의 메이커를 취급하는 이유는 소비자를 폭넓게 끌어들일 수 있어서 업체의 매출과 수익성면에서 매우 유리한 것이 사실이기 때문입니다. 그러나 루마코리아는 고객에게 제대로된 서비스를 하기 위해서는 무엇보다 제품수급이 원활해야 하며 복수의 메이커를 판매할 경우 시공점에서의 정품인증과 제품 혼용 가능성등으로 인하여 소비자에게 피해를 드릴 수 있기 때문에 신뢰성과 고객서비스 차원에서 매출의 한계성등 현실적인 어려움에도 불구하고 루마필름이라는 단일제품만을 고객에게 서비스해 온 것입니다. 또한 루마코리아는 유명 브랜드의 지위를 이용하여 저가제품에 브랜드를 사용하는 이른바 OEM(주문자 생산방식)이 아닌 미국 제조원인 솔루시아의 유일한 솔라필름 제조공장인 버지니아 공장에서 직수입된 제품만을 루마 공식시공점에 공급하고 있습니다. 현재 저희 루마코리아가 판매하는 모든 썬팅필름은 전량 미국 제조공장으로부터 직수입되고 있음을 알려 드립니다. 여기에 루마코리아는 현재 루마시공점의 기술체계와 서비스를 혁신하기 위하여 매주 기술표준화 교육 실시, 시공점별 평가제도를 통한 마스터샵 인증제등을 시행하고 있으며, 세계최초 QR코드 인증제및 다양한 제도및 시스템을 도입하여 대고객서비스의 질 적 향상을 위해 끊임없이 노력하고  있습니다. 앞으로도 저희 루마코리아는 정도만을 고집하여 고객에게 더욱 신뢰받을 수 있도록 최선을 다하겠습니다."
12,★★★★★,제품/시공관련,썬팅필름을 선택할 때 브랜드에 대한 검색이 중요한 이유는 무엇입니까?,"저희 루마필름은 우주선 개발의 역사와 궤를 같이하여 왔다고 과언이 아닐 정도로우주공간에서 우주선의 외체(外體)를 보호하기 위한 첨단 신소재 개발의 붐이 일어난 1960년대부터 제품개발이 시작되어 70여년의 역사와 제품에 대한 기술노하우를 가지고 있으며, 이를 바탕으로 이미 오래전부터 전세계 MS(Market Share)의 50% 이상을 점유할 정도로 세계적으로 그 품질을 인정받고 있습니다. ""루마""라는 썬팅필름의 브랜드는 단시간내에 생긴 것이 아니라 오랜 시간동안의 연구와 개발,생산및 시공에 이르기까지 그 모든 과정과 제품의 품질이 고객들로부터 인정받아서 지금의위치에 오른 것입니다. 그런데 국내에서 일어난 최근 수년간의 썬팅시장의 활성화에 편승하여 시장에 뛰어든 몇몇 썬팅업체는급조된 브랜드를 가지고 인터넷상등에서 포장을 하여 마치 자사가 취급하는 제품이 세계적으로 인정받는제품인양 광고를 하지만 사실은 제조원의 실체가 없는 경우가 허다합니다. 이는 간단하게 검색을 할 수 있는데, 예를 들어 저희 루마코리아의 도메인 주소는 www.llumar.co.kr이며미국 제조원의 홈페이지 주소는 www.llumar.com입니다.마찬가지로 제조원이 있는 업체라면 글로벌 주소인 닷컴(.com)을 주소창에 치면 제조원의 홈페이지가나타나야 하는 것이 맞으나 이러한 제조원이 없는 경우는 전혀 다른 업체의 홈페이지가 나타나거나아예 홈페이지가 없는 경우도 많습니다. 또 한가지 제조원이 중요한 이유는 제조원이 불분명한 업체들의 경우, 한 가지 메이커의 제품을 취급하는 것이아니라, 여러가지의 제품을 취급하다보니 제품 수급및 혼용이 이루어질 가능성이 높다는 것입니다.이를테면 A, B, C, D등 복수의 제품을 취급하게 되면 해당 브랜드에 대한 정품확인도 어려우며 제품 혼용에대한 확인도 어려운 것이 현실입니다. 그것은 썬팅필름은 시공을 하고나면 십수년된 전문가들도 시공후에는 정품 확인이 어렵기 때문이며 이러한 이유로 대다수의 필름업체들이 - 품질이 떨어지는 저급제품을 생산하는 회사일 경우에도 - 특정 업체의 필름색상을 모방하여 제품을 생산하기 때문에 창유리에 시공된 필름 혹은 필름색상만 보고서는 소비자는 물론필름 전문가들도 식별이 어렵다는 것입니다. 그러므로 썬팅필름 선택시 인터넷들을 통한 해당 브랜드및 제조원의 실체 여부의 점검이 매우 중요하며이를 소홀히 했을 경우 추후 소비자의 피해로 돌아오는 경우가 많기 때문에 이를 숙지하시어 브랜드및 제조원점검에 관심을 기울이시길 바랍니다."
11,★★★,제품/시공관련,시공후 창문에 로고가 없는 것은 어떠한 경우에 발생하나요?,"루마 공식 시공점에서 정품으로 시공했음에도 불구하고 창문에 로고가 없는 경우는 다음과 같습니다. 1. 현재 출고되는 자동차의 유리는 차의 외관을 위하여 전보다 작아지는 추세인데 필름면에 프린팅되는 로고는 필름롤의 좌우측 35cm 지점에 두 줄로 인쇄되므로 필름 재단을 위해 패턴(창유리 크기에 맞게 만들어진 플라스틱이나 철판모형)의 위치에 따라 로고와 로고 사이에 들어갈 경우 로고가 들어가지 않을 수 있습니다. 2. 프린팅 기계는 구조상 필름롤의 처음과 끝의 일정부분이 프린팅되지 않습니다. 이처럼 프린팅되지 않은 처음과 끝부분에서 재단이 되면 로고가 들어가지 않을 수 있 습니다. 3. 로고는 정품확인을 위한 보조수단이며 우리나라외에는 필름에 로고 프린팅을 하는 경우가 거의 없습니다. 프린팅은 제품이 완성된 단계에서 리와인딩(되감기)되어 이루어지므로 공급자 측면에서 필름 손실이 발생할 수 있기 때문이며 대부분의 소비자들은 루마의 공식 시공점에서 시공을 하면 당연히 정품으로 시공한 것으로 인정하기 때문입니다. 그러므로 시공후 전체 창유리에 로고가 단 한 개도 없을 경우에는 본사를 통하여 확인하시는 것이 바람직하지만 운전석/조수석등 1열과 2열 등 측면유리에서 1~2장 정도 위와 같은 이유로 로고가 없을 수도 있으니 양지하여 주시길 바랍니다. 4. 루마 공식시공점에서 시공하신 후 수기(手記)가 아닌, 컴퓨터로 출력된 전자 품질보증서를 받으셨다면 정품시공으로 인증받은 것이며 시공에 관련된 모든 데이터들은 본사의 DB(데이터베이스)에 저장되어 관리 됩니다."
10,★★★★,보증관련,시공후 루마필름을 시공하고 보증서를 받았는데 루마보증서가 아닌 것 같아요. 이런 경우 보증이 되나요 ?,"저희 루마 공식시공점에서 시공하신 후 컴퓨터로 출력되는 공식 품질보증서를 발급받으셨을 경우보증이 되지만, 유사시공업체에 의하여 시공된 경우, 제품보증이 되지 않습니다.저희 홈페이지의 공지사항에 보시면 루마 유사시공업체에 의한 소비자 피해를 피하는 방법에 대해서 자세한 설명이 되어 있습니다. 참고하시길 바랍니다."
9,★★★★,AS관련,제품을 시공하였는데 루마 공식시공점에서 한 것은 아닌 듯 합니다. 시공후 문제가 생긴 경우 a/s 처리는 가능한지요 ?,"루마코리아는 루마필름의 제조원인 씨피필름즈(모기업:이스트만그룹의 자회사 솔루시아)의 버지니아 공장에서 루마제품을 직수입하는 국내 유일한 공식공급업체입니다. 솔루시아의 보증정책상 제품시공에 대한 a/s 처리는 솔루시아에서 인증한 공식 공급업체 혹은 공식시공점에서 시공시에만 가 능하며, 루마의 공식시공점들은 솔루시아의공식 공급업체인 루마 코리아에 의하여 인증을 받은 곳으로써 루마필름 제조원인 솔루시아에 의하여 정품보증및 추후 a/s 처리가 가능합니다. 솔루시아에서 이러한 정책을 유지하는 이유는 자동차틴팅,즉 썬팅이 단지 썬팅필름이라는 상품만 판매하는 것이 아닌, 시공기술이 플러스되어야 하기 때문이며 루마코리아에서 인증된 루마 공식시공점들은 소정의 기술교육을 거쳤으며, 시공후 소비자에 의한 불만제기 시엔 솔루시아 및 루마코리아에 의해 제품보증과 a/s 처리가 이루어집니다. 이러한 점에서 자체적으로 보증을 실시하는 유사 시공업체들과는 현격한 차이가 있습니다. 결론적으로 말씀드리면 해외의 제3자로부터 수입한 루마의 유사 시공업체들에 시공된 제품은 위와 같은 이유로 인하여 루마코리아 및 공식시공점에 의한 정품보증 및 a/s가 이루어 지지 않음을 알려드립니다."
8,★★★★,제품/시공관련,"타인의 소개로 루마필름을 시공하였는데, 보증서와 로고가 다릅니다. 어떤 제품인지 알 수 있을까요?","병행수입의 경우 1995년부터 발효된 관련법이 있기 때문에 해외의 제3자로부터 제품을 수입하는 것이 불법은 아니며 실제 일부 수입업자에 의하여 소량으로 루마의 일부 제품이 수입되고 있습니다. 그런데 문제는 병행품을 취급하는 업체들이 루마만을 취급하는 것이 아니라 여러 메이커의 제품, 심지어 품질이 검증 안된 제품들까지 함께 취급하는 업체들이 있다보니 시공된 루마제품에 대한 정품확인이 쉽지 않고 다른 제품으로 시공되어졌을 경우 고스란히 소비자의 피해로 돌아갈 가능성이 높습니다. 이는 썬팅필름의 특성상 한 번 창유리에 시공이 되면 필름 전문가라 할지라도 정품식별이 어려운데최근의 제품들이 블랙에 기초한 컬러로 통일되다시피 하여 이미 시공된 필름의 컬러만 보고 어떤 제품이라고 판별하기가 사실상 어렵다는 것입니다. 또한, 최근들어 급속히 증가한 루마 유사시공업체들은 가격파괴를 앞세워 소비자들을 유혹하는데 썬팅에 기반을 둔 업체가 아닌, 오디오, 네비게이션, 외장관리등을 해왔던 업체들의 경우썬팅 시공능력이 현저히 떨어지는 경우가 많습니다. 그리고 a/s를 받으려고 해도 물량공급이 원활하게 안되어 제때 a/s를 받을 수 없는등 많은 문제점을 안고 있는 것이 사실입니다. 소셜커머스등 인터넷에서 활동하는 병행취급점의 경우도 예외는 아니어서 다년간의 시공경험등업체 내용을 잘 포장하고 저가 시공비로 소비자들을 유혹하고 있는데 이러한 업체들로부터 피해를 입지 않으시려면 다음과 같은 내용을 잘 숙지하신후 시공을 받으시길 바랍니다. 1. 루마필름의 유일한 공식공급업체인 저희 본사 홈페이지에 등록된 가까운 지역의 공식 루마시공점을 확인하신 후 2. 시공후 반드시 컴퓨터로 출력되는 품질 보증서를 발급받으시길 바랍니다. 3. 로고의 경우 정품 확인을 위한 보조수단이며 현재 국내엔 로고프린팅을 하는 업체들이 다수 있기 때문에 로고만으로 정품식별은 사실상 소비자 입장에서 어렵습니다. 4. 가급적 제3자에게 시공을 맡기지 마시고 직접 루마시공점을 내방하여 시공하시거나 부득이하게 직접방문이 어려운 경우 위의 내용처럼 시공점 확인에 유의하시길 바랍니다."
7,★★★,제품/시공관련,추운 겨울철에 주의해야 할 점은 없나요 ?,"추운 겨울철에는 히터를 작동시키는 차 내부와 온도가 낮은 외부와의 온도차이로 인하여썬팅시공을 한 필름 아랫면(몰딩 아래에 위치하여 보이지 않는 부분)에 습기가 차게 됩니다. 습기가 찬 상태에서 밤에 시동을 끈 후 주차시키면 차내부의 온도가 떨어지므로 필름 아랫면(몰딩에 들어가 있는 부분)이 얼어 붙어 있는 상태가 됩니다. 그런데 아침에 다시 차에 타서 무심코 운전석 혹은 조수석 창유리를 작동시키면 필름의 아랫면이 뜯어지는 경우가 발생할 수 있습니다. 이런 현상은 특히 스키장 같이 상대적으로 외부 온도가 낮은 장소에 다녀온 차량에서 종종 발생하는데, 이런 경우엔 아침에 차에 탔을 때 윈도우 스위치를 작동시키기 전에 히터를 켜서 실내온도를 어느 정도높인 후 윈도우 스위치를 작동시키시는 것이 바람직합니다. (예를 들어 스키를 타고 땀이 많이 배출되고 체온이 올라간 상태에서 차량에 탑승하면 수증기가 발생하면서 차량 유리창 내부에 적지 않은 수분이 물방울 형태로 맺히는데, 차량에서 내리기 전에 부드러운 청소용 융으로 유리면을 닦아주시면 이러한 현상을 미리 방지하는데 도움이 됩니다.) 대개의 경우 운전석, 조수석등에서 이런 현상이 발생하는데 동절기에 필름이 탈착된 경우(떨어진 경우),해당 시공점에 내용을 알리신 후 상담하여 주시길 바랍니다."
6,★★★,제품/시공관련,유리창 청소시 필름은 어떤 방법으로 닦아야 하나요 ?,필름 원단은 폴리에스테르이기 때문에 화학성분이 함유된 윈덱스등의 유리창 세정제를 사용할 경우필름 손상의 원인이 될 수 있으며 고형물질이 함유된 청소용제의 경우에도 필름이 손상될 수 있으므로주의를 요합니다. 필름면을 닦으실 때는 부드러운 천을 물에 적신 후 힘을 주지 말고 가볍게 닦아주시길 바랍니다. 필름에 기름성분이 묻었을 경우에는 희석된 비눗물을 부드러운 천에 묻혀서 마찬가지로 가볍게닦아주시면 됩니다.
5,★★,제품/시공관련,운전석쪽의 로고가 신경 쓰여서 지우고 싶은데 방법을 알려주세요.,필름에 프린팅된 로고를 지우는 방법은 아세톤을 부드러운 천에 살짝 묻혀서문질러 주시거나 물파스로 톡톡 부드럽게 문지른 후 부드러운 천으로 가볍게 닦아내시면 필름 손상없이 간단하게 지워집니다.
4,★★★,제품/시공관련,거주하는 아파트 출입구에 RF형 카드리더기가 설치되어 있는데 어떤 필름으로 시공해야 합니까 ?,"아파트 출입구에 있는 차량 인식기는 두 가지 종류로 하나는 RF형 카드리더기이고 다른 하나는번호판 인식 카메라입니다. 번호판 인식 카메라는 어떤 종류의 필름과도 무관하지만 RF형 카드 리더기는하이패스와 마찬가지로 주파수 송수신타입이므로 메탈계 필름에 의해 영향을 받을 수 있습니다.따라서 아파트 출입구에 RF형 카드리더기가 설치되어 있는 경우에는 윈쿨, 피너쿨, 헬리오스등의 非 메탈계 필름으로 시공하실 것을 권해 드립니다. 룸미러 뒤편등에 센서부를 설치할 수 있다면 필름과 송수신기 사이에 필름이 위치하지 않는 형태이므로 수신장애가 일어나지 않습니다. 이 경우 시공전에 센서부의 룸미러 위치조정 가능여부를 해당 시공점과상의하시길 바랍니다."
3,★★★,제품/시공관련,전면유리에 루마스타(아티젠)를 시공한 유저입니다. 하이패스를 어떤 타입으로 구입해야 하나요 ?,"하이패스에는 RF형(주파수 송수신 방식)과 IR형(적외선 송수신 방식)의 두 가지 타입이 있습니다. 이론적으로 주파수의 경우 메탈(금속)에 의하여 영향을 받으므로 루마스타나 레이밴의 경우 RF형 하이패스 장착시 일부 수신장애가 일어날 수 있습니다. 동일한 기종이라도 수신장애가 일어나지 않는 경우도 있는데 이는 하이패스 기기가 세팅값에 따른것입니다. 즉, 기기가 발신기에서 나오는 주파수값을 받아들이는 폭이 넓을 경우 전면유리에메탈계 필름이 시공되어 있더라도 수신장애가 일어나지 않는 것입니다.실제로 일부 기종의 경우 하이패스 장착점에 문의하여 세팅값을 올려서 수신장애 문제를 해결하는경우도 있습니다. 그러나 이미 RF형 하이패스가 차량에 장착되어 있는 경우에는 윈쿨, 피너쿨등과 같은非 메탈계 제품으로 시공하시는 것을 권합니다. IR형 하이패스의 경우에는 대부분 루마필름에서 수신장애가 발생한 사례가 없습니다. 다만 열적외선 차단이 매우 강한 제품의 경우 일부 IR형 하이패스에서 수신장애가 일어날 수 있으므로 이 경우에는 시공점과 상담하시어 RF형 하이패스를 장착하시거나 루마 전용 하이패스인 AP-100 모델을 장착하실 것을 권해드립니다."
2,★★★,제품/시공관련,선팅 시공후 터널 통과시에 물결치는 현상이 나타나는데 원인이 무엇인지요 ?,"모든 브랜드의 메탈계열 필름 시공후 일부 터널 통과시에 나타나는 커튼현상(무아레)은 조명 종류에 따라 다르게 나타납니다. 백색등 점등 터널은 아주 미세하게 나타나지만 파장이 긴 황색등 점등터널(주로 구형 터널)에서 더 심하게 나타납니다. 터널에 들어가면 나타나는 커튼현상은 메탈(금속)이 함유된 필름에서 보다 두드러져보입니다. 루마썬팅필름 중에 열차단을 위하여 금속막이 증착된 제품이 있으며 윈도우필름표면에는 스크래치방지를 위한 특수 투명코팅막으로 형성되어 있습니다. 초박막으로 된 이 특수코팅막이 일종의 유막처럼 보여서 조명아래에서 물결무늬처럼금속막에 비쳐 보여지게 되는 것입니다. 필름에 이 특수코팅이 되어있지 않다면 자동차유리에는 부착조차 할 수 없을 정도로 심한 스크래치가 보여질 것입니다. 터널진입시 시선을 차유리표면에 두지 마시고 원거리 즉, 유리건너편의 먼 곳에 시선을위치하면 이러한 현상이 현저하게 줄어들어 보일 것입니다. 필름이상이나 시공이 잘못되어서 이러한 현상이 나타나는 것은 아님을 양지해 주시길 바랍니다. 터널이 많은 지역에서 차량을 운전하는 경우 버텍스 700, 900, 1100 등 ITO(무기물질)가 함유된 나노세라믹 계열의 필름으로 시공하시는 것을 권장해 드립니다."
1,★★★★,제품/시공관련,루마지정점에서 시공했는데 루마로고가 없습니다. 정품확인은 어떻게 하나요?,"루마정품확인은 필름에 표시된 로고만을 가지고 확인하지는 않습니다. 루마정품은 루마지정점에서의 시공여부가 첫번째 확인요소입니다. 루마지정점에서 시공하셨습니까? 그렇다면 첫 번째 중요한 첵크포인트를 확인하셨습니다. 루마지정점은 루마본사의 엄격한 기준을 통과한 지정업체로서 루마고객을 기만하거나 유사품을 사용하여 고객에게 피해를 입힌 경우 계약위반사례에 해당되어 위약금을 물게 되어있습니다. 또한 루마지정점의 자격이 동시에 박탈됩니다. 루마에서는 이런 엄격한 조항과 관리로 유사품사용방지를 통해 고객보호 및 고객피해예방에 앞장서고 있습니다. 다음은 루마지정점에서의 시공과 함께 보증서를 발급받으셨습니까? 루마보증서 발급을 위해서는 루마필름의 정확한 제품이력과 내용을 입력하게 되어 있습니다. 루마본사에서 출고된 제품과 상이한 내용이 입력되면 루마의 보증시스템의 거부로 보증서발급 자체가 불허됩니다. 보증서를 받으셨다면 이제 안심하셔도 좋습니다. 마지막으로 로고입니다. 로고는 보조적인 확인 수단일 뿐 위의 두 가지 조건 즉, 루마지정점에서의 시공과 보증서 발급을 무시한 채 로고만으로 정품확인 여부를 할 수 없습니다. 로고만으로 정품확인을 하려면 굳이 루마지정점을 개설하고 전문시공점에만 제품을 공급할 이유가 없습니다. 루마에서 루마지정점을 운영하는 것은 유사품을 방지하고 정품만을 취급하기위해 루마전문 지정점을 운영하는 것입니다. 로고는 루마필름과 같은 전문취급점 시스템이 없거나 보증서발급이 되지않는 제품 확인을 위해 주로 사용하는 방법입니다. 결론적으로 루마정품확인은 루마지정점에서의 시공과 보증서발급이 가장 중요한 정품확인 포인트입니다. 참고로 로고는 차유리모형틀을 가지고 필름을 재단할 때 어느위치에 두느냐에 따라 창유리에 표시될 수 있고, 그렇지 않을 수 있습니다. 로고는 또한 모든 창마다 다 표시할 수 없습니다. 모든 창마다 표시가 들어가도록 할려면 그만큼 불필요한 재료비가 들어가서 비용이 많이 추가 됩니다.썬팅에서의 로고는 시야에 거슬리는 부분에 표시되면 지워야 하는 경우도 있습니다. 대다수의 고객은 지워달라고 요구하시기도 합니다."
